,EURUSD,USDJPY,GBPUSD,USDCHF,USDCAD,AUDUSD,NZDUSD
2020-08-03,7.5125,7.755,9.42,7.26,6.645,10.265,10.31
2020-08-04,7.5375,7.6475,9.385,7.33,6.62,10.1725,10.2375
2020-08-05,8.01,7.7325,9.575,7.73,6.8,10.215,10.2425
2020-08-06,7.84,7.785,9.475,7.57,6.7875,10.34,10.3625
2020-08-07,7.615,7.6,9.33,7.42,6.7675,10.3425,10.385
2020-08-10,7.35,7.5,9.255,7.1675,6.7325,10.3075,10.36
2020-08-11,7.265,7.53,9.225,7.0425,6.74,10.2375,10.345
2020-08-12,7.355,7.495,9.265,7.21,6.75,10.255,10.3
2020-08-13,7.5425,7.5,9.245,7.4,6.765,10.2225,10.29
2020-08-14,7.605,7.46,9.22,7.4825,6.7675,10.15,10.2575
2020-08-17,7.73,7.5425,9.2175,7.6325,6.7925,10.085,10.14
2020-08-18,8.03,7.655,9.33,7.925,6.825,10.1225,10.195
2020-08-19,7.97,7.675,9.375,7.8575,6.93,10.19,10.2775
2020-08-20,7.785,7.6275,9.3275,7.6925,6.9375,10.32,10.34
2020-08-21,7.555,7.5725,9.32,7.4675,6.845,10.255,10.3325
2020-08-24,7.555,7.545,9.335,7.44,6.815,10.175,10.245
2020-08-25,7.405,7.4625,9.355,7.235,6.7125,10.065,10.18
2020-08-26,7.24,7.48,9.305,7.0825,6.65,10.025,10.18
2020-08-27,7.09,7.425,9.1925,6.9725,6.6425,9.995,10.1575
2020-08-28,7.235,7.8075,9.1775,7.115,6.6725,9.9775,10.12
2020-08-31,7.365,7.73,9.185,7.2825,6.7,10.015,10.15
2020-09-01,7.4575,7.765,9.2075,7.4,6.7275,10.0725,10.195
2020-09-02,7.235,7.745,9.225,7.1625,6.7425,10.1675,10.25
2020-09-03,7.2,7.745,9.35,7.095,6.865,10.3325,10.4175
2020-09-04,7.175,7.76,9.4325,7.055,6.8525,10.3425,10.4975
2020-09-07,7.18,7.715,9.69,7.085,6.855,10.3275,10.5175
2020-09-08,7.315,7.91,10.145,7.1825,6.9675,10.485,10.5975
2020-09-09,7.2675,7.75,10.3825,7.115,6.9825,10.445,10.6125
2020-09-10,7.345,7.695,10.9425,7.1975,6.95,10.4325,10.6125
2020-09-11,7.285,7.625,11.0375,7.125,6.925,10.4325,10.5825
2020-09-14,7.19,7.675,10.835,7.0775,6.935,10.3825,10.5275
2020-09-15,7.245,7.8075,10.7625,7.13,6.8875,10.39,10.5325
2020-09-16,7.225,7.815,10.5525,7.1525,6.8325,10.3775,10.5225
2020-09-17,7.16,7.9,10.5225,7.08,6.785,10.4325,10.5275
2020-09-18,7.085,7.945,10.495,7.06,6.7825,10.34,10.475
2020-09-21,7.265,8.1375,10.66,7.2075,6.945,10.515,10.6
2020-09-22,7.235,8.03,10.68,7.1575,6.9325,10.5225,10.6675
2020-09-23,7.23,7.97,10.555,7.1375,6.99,10.76,10.8025
2020-09-24,7.135,8.01,10.455,7.06,7.005,10.8275,10.8725
2020-09-25,7.06,7.95,10.46,6.9875,6.925,10.815,10.7625
2020-09-28,7.03,7.9,10.375,6.925,6.89,10.68,10.76
2020-09-29,7.02,7.81,10.3175,6.91,6.785,10.56,10.64
2020-09-30,6.9725,7.515,10.315,6.83,6.675,10.345,10.445
2020-10-01,7.045,7.52,10.24,6.895,6.7425,10.315,10.43
2020-10-02,7.1,7.57,10.1825,6.9325,6.8,10.41,10.505
2020-10-05,7.1375,7.53,10.15,7.0,6.78,10.385,10.485
2020-10-06,7.1325,7.525,10.17,7.0,6.7125,10.355,10.45
2020-10-07,7.14,7.5,10.185,7.005,6.7075,10.3725,10.43
2020-10-08,6.9775,7.39,10.135,6.8475,6.5875,10.255,10.2525
2020-10-09,6.9225,7.415,10.0175,6.79,6.5975,10.0725,10.13
2020-10-12,6.9225,7.43,9.87,6.74,6.6275,10.0875,10.135
2020-10-13,6.845,7.405,9.7775,6.7375,6.65,10.065,10.1425
2020-10-14,6.5975,7.42,9.7425,6.495,6.64,10.0525,10.14
2020-10-15,6.6525,7.39,9.79,6.5075,6.73,10.2125,10.2875
2020-10-16,6.4875,7.265,9.6675,6.305,6.66,10.0825,10.17
2020-10-19,6.54,7.2,9.655,6.325,6.725,10.0325,10.085
2020-10-20,6.7175,7.19,9.73,6.4975,6.7775,10.0825,10.1
2020-10-21,6.85,7.425,9.7025,6.675,6.8775,10.1225,10.1375
2020-10-22,6.81,7.385,9.48,6.6175,6.8425,10.1375,10.145
2020-10-23,6.7975,7.365,9.3,6.62,6.785,10.0875,10.125
2020-10-26,6.86,7.37,9.36,6.6725,6.84,10.1675,10.18
2020-10-27,6.88,7.445,9.33,6.695,6.87,10.2725,10.3225
2020-10-28,7.0875,7.5725,9.63,6.905,6.9925,10.3975,10.45
2020-10-29,7.0675,7.5125,9.745,6.8925,7.1,10.505,10.505
2020-10-30,6.9475,7.4625,9.51,6.66,7.0875,10.42,10.4575
2020-11-02,6.9925,7.4075,9.5475,6.735,7.1425,10.435,10.4625
2020-11-03,6.9775,7.3875,9.475,6.725,7.0975,10.2775,10.37
2020-11-04,6.555,6.9975,9.095,6.3475,6.57,9.8875,9.8525
2020-11-05,6.605,7.0475,8.905,6.3775,6.685,9.845,9.84
2020-11-06,6.74,7.0875,8.9,6.515,6.78,9.84,9.805
2020-11-09,6.61,6.85,8.8725,6.465,6.7,9.66,9.74
2020-11-10,6.355,6.735,8.885,6.2525,6.5575,9.5325,9.525
2020-11-11,6.285,6.655,8.725,6.2,6.515,9.33,9.35
2020-11-12,6.35,6.7,8.72,6.28,6.56,9.3975,9.3875
2020-11-13,6.315,6.805,8.6725,6.245,6.54,9.385,9.4
2020-11-16,6.18,6.66,8.66,6.16,6.5375,9.3075,9.33
2020-11-17,6.275,6.775,8.4625,6.225,6.5125,9.3075,9.365
2020-11-18,6.205,6.83,8.35,6.195,6.5675,9.355,9.3925
2020-11-19,6.18,6.875,8.3275,6.205,6.5825,9.4625,9.45
2020-11-20,6.125,6.78,8.2775,6.1625,6.52,9.335,9.3525
2020-11-23,6.1425,6.78,8.1725,6.185,6.4575,9.335,9.3675
2020-11-24,6.1375,6.765,8.135,6.1925,6.36,9.2125,9.3425
2020-11-25,6.235,6.74,8.13,6.2775,6.37,9.2775,9.345
2020-11-26,6.205,6.77,8.09,6.2425,6.315,9.2725,9.365
2020-11-27,6.215,6.775,8.145,6.2225,6.3575,9.2625,9.345
2020-11-30,6.325,6.825,8.185,6.315,6.4525,9.3675,9.415
2020-12-01,6.4225,6.8,8.235,6.39,6.535,9.3225,9.4375
2020-12-02,6.4525,6.88,8.45,6.4425,6.6075,9.3625,9.465
2020-12-03,6.4825,7.01,8.465,6.505,6.685,9.39,9.49
2020-12-04,6.5125,6.945,8.505,6.5325,6.8575,9.3625,9.4475
2020-12-07,6.5325,6.95,8.7175,6.56,6.9275,9.42,9.5075
2020-12-08,6.3875,6.94,8.6,6.475,6.725,9.39,9.4725
2020-12-09,6.4025,6.915,8.59,6.435,6.755,9.3625,9.4675
2020-12-10,6.4375,6.915,8.785,6.415,6.8125,9.385,9.47
2020-12-11,6.5925,6.945,9.0625,6.575,6.9075,9.5175,9.62
2020-12-14,6.5625,6.98,8.6075,6.525,6.9,9.5325,9.615
2020-12-15,6.5675,6.98,8.475,6.5525,6.895,9.5675,9.6975
2020-12-16,6.6225,7.0,8.26,6.605,6.8425,9.5375,9.665
2020-12-17,6.655,7.08,8.29,6.63,6.89,9.4625,9.6
2020-12-18,6.4575,7.08,8.4,6.47,6.895,9.5,9.615
2020-12-21,6.5125,7.175,8.77,6.535,6.945,9.655,9.7575
2020-12-22,6.4325,7.1425,8.94,6.455,6.84,9.695,9.7725
2020-12-23,6.385,7.0325,8.0625,6.405,6.815,9.6525,9.785
2020-12-24,6.3525,6.985,7.7425,6.4125,6.725,9.535,9.635
2020-12-25,6.3625,6.9675,7.8125,6.4175,6.705,9.535,9.6425
2020-12-28,6.31,6.93,7.8075,6.3075,6.665,9.5575,9.66
2020-12-29,6.3575,6.89,7.89,6.3425,6.6275,9.555,9.6775
2020-12-30,6.4625,6.95,8.035,6.4425,6.66,9.6,9.7075
2020-12-31,6.3875,6.9475,8.1925,6.3675,6.6725,9.535,9.6925
2021-01-01,6.37,6.955,8.18,6.3525,6.68,9.51,9.6825
2021-01-04,6.4275,6.96,8.1575,6.42,6.78,9.5725,9.7
2021-01-05,6.4425,6.95,8.01,6.405,6.8725,9.5575,9.6775
2021-01-06,6.4225,6.855,7.945,6.4,6.75,9.4725,9.61
2021-01-07,6.3875,6.725,8.0,6.365,6.75,9.5425,9.6375
2021-01-08,6.45,6.72,8.015,6.425,6.775,9.535,9.635
2021-01-11,6.5675,6.755,8.085,6.555,6.8675,9.7925,9.885
2021-01-12,6.4925,6.715,8.0925,6.5,6.775,9.7375,9.8275
2021-01-13,6.4175,6.73,8.09,6.42,6.8,9.7,9.7475
2021-01-14,6.33,6.69,8.0475,6.3525,6.85,9.635,9.665
2021-01-15,6.3475,6.675,8.13,6.36,6.855,9.69,9.785
2021-01-18,6.3475,6.76,8.155,6.395,6.84,9.795,9.8875
2021-01-19,6.2175,6.715,8.0525,6.2475,6.71,9.77,9.84
2021-01-20,6.1675,6.52,8.015,6.2025,6.6275,9.62,9.7425
2021-01-21,6.2325,6.545,8.07,6.2875,6.6,9.6225,9.7275
2021-01-22,6.2775,6.56,8.21,6.305,6.65,9.67,9.765
2021-01-25,6.1925,6.53,8.2,6.19,6.6875,9.69,9.7925
2021-01-26,6.16,6.54,8.2,6.1975,6.63,9.735,9.8375
2021-01-27,6.1875,6.625,8.27,6.225,6.775,9.9175,9.99
2021-01-28,6.175,6.55,8.2825,6.205,6.76,9.9225,10.085
2021-01-29,6.125,6.545,8.355,6.1525,6.755,9.9,10.055
2021-02-01,6.18,6.58,8.3925,6.245,6.76,9.905,10.05
2021-02-02,6.145,6.53,8.365,6.175,6.7,9.815,9.96
2021-02-03,6.1475,6.43,8.2625,6.19,6.64,9.695,9.795
2021-02-04,6.175,6.515,8.15,6.23,6.655,9.605,9.635
2021-02-05,6.1175,6.455,7.885,6.155,6.51,9.5125,9.62
2021-02-08,6.045,6.425,7.75,6.095,6.44,9.4325,9.565
2021-02-09,6.115,6.47,7.69,6.145,6.38,9.365,9.49
2021-02-10,6.14,6.46,7.635,6.13,6.4125,9.36,9.485
2021-02-11,6.23,6.475,7.755,6.24,6.46,9.38,9.475
2021-02-12,6.265,6.47,7.785,6.285,6.495,9.3975,9.485
2021-02-15,6.2325,6.545,7.7875,6.275,6.505,9.385,9.485
2021-02-16,6.3225,6.72,7.7375,6.345,6.5625,9.4175,9.525
2021-02-17,6.3825,6.71,7.845,6.405,6.615,9.5875,9.6775
2021-02-18,6.28,6.695,7.785,6.34,6.57,9.475,9.575
2021-02-19,6.285,6.66,7.82,6.36,6.5725,9.4875,9.545
2021-02-22,6.35,6.88,7.9,6.44,6.685,9.5925,9.705
2021-02-23,6.435,6.875,7.995,6.74,6.8325,9.6725,9.765
2021-02-24,6.425,6.98,8.07,6.9725,6.9225,9.7525,9.805
2021-02-25,6.7575,7.3275,8.44,7.2,7.3475,10.15,10.1375
2021-02-26,6.705,7.45,8.705,7.04,7.41,10.6725,10.78
2021-03-01,6.49,7.04,8.35,6.78,7.025,10.18,10.285
2021-03-02,6.3925,6.8925,8.36,6.69,6.92,10.04,10.1175
2021-03-03,6.395,6.7925,8.3325,6.675,6.9,9.9925,10.0525
2021-03-04,6.5175,6.9375,8.455,6.8775,6.995,10.3125,10.3625
2021-03-05,6.4525,6.9775,8.5575,6.78,6.9975,10.3675,10.4125
2021-03-08,6.545,7.0075,8.5175,6.8625,6.99,10.45,10.5075
2021-03-09,6.475,7.0275,8.425,6.78,7.02,10.315,10.4175
2021-03-10,6.465,6.9825,8.38,6.7725,7.005,10.125,10.2525
2021-03-11,6.35,6.83,8.195,6.62,6.9,9.975,10.0825
2021-03-12,6.4925,6.9575,8.24,6.78,6.95,10.185,10.2425
2021-03-15,6.4725,6.9825,8.235,6.78,6.965,10.18,10.2825
2021-03-16,6.4675,6.8825,8.235,6.765,6.955,10.115,10.1525
2021-03-17,6.3925,6.78,8.18,6.645,6.92,9.865,9.9875
2021-03-18,6.42,6.795,8.1625,6.7,7.0275,9.97,10.0375
2021-03-19,6.385,6.7725,8.125,6.6675,7.0,9.91,9.99
2021-03-22,6.35,6.71,8.19,6.67,6.9625,9.815,9.895
2021-03-23,6.4,6.775,8.27,6.7325,7.0275,10.0775,10.17
2021-03-24,6.38,6.745,8.2775,6.74,6.965,10.1025,10.16
2021-03-25,6.385,6.7425,8.225,6.74,6.98,10.115,10.175
2021-03-26,6.33,6.7225,8.155,6.69,6.905,10.045,10.165
2021-03-29,6.345,6.7225,8.155,6.695,6.9,10.035,10.175
2021-03-30,6.33,6.8125,8.145,6.7025,6.845,10.035,10.15
2021-03-31,6.215,6.7825,8.0525,6.625,6.62,9.89,10.01
2021-04-01,6.17,6.72,7.99,6.575,6.5325,9.875,10.015
2021-04-02,6.1975,6.72,7.985,6.5975,6.52,9.875,10.025
2021-04-05,6.23,6.73,8.01,6.605,6.535,9.85,10.015
2021-04-06,6.26,6.785,7.9975,6.625,6.58,9.88,10.04
2021-04-07,6.305,6.82,8.11,6.675,6.64,9.91,10.01
2021-04-08,6.22,6.77,7.985,6.605,6.53,9.7525,9.91
2021-04-09,6.31,6.73,7.94,6.685,6.385,9.4925,9.625
2021-04-12,6.28,6.6375,7.89,6.5575,6.3075,9.245,9.3775
2021-04-13,6.265,6.5325,7.69,6.48,6.275,9.15,9.295
2021-04-14,6.225,6.535,7.74,6.54,6.26,9.1125,9.23
2021-04-15,6.215,6.54,7.6975,6.5325,6.29,9.1375,9.255
2021-04-16,6.235,6.5275,7.6575,6.5225,6.315,9.1075,9.235
2021-04-19,6.295,6.5975,7.7,6.52,6.355,9.26,9.405
2021-04-20,6.295,6.6375,7.725,6.545,6.525,9.415,9.515
2021-04-21,6.295,6.6375,7.795,6.545,6.45,9.4375,9.555
2021-04-22,6.205,6.5725,7.83,6.505,6.4,9.375,9.495
2021-04-23,6.33,6.5425,7.7525,6.53,6.355,9.27,9.365
2021-04-26,6.33,6.5425,7.7025,6.4775,6.42,9.235,9.33
2021-04-27,6.285,6.5725,7.6475,6.4025,6.455,9.2125,9.32
2021-04-28,6.26,6.6125,7.62,6.37,6.48,9.235,9.34
2021-04-29,6.22,6.6325,7.5525,6.365,6.5725,9.335,9.425
2021-04-30,6.215,6.6225,7.595,6.3725,6.6375,9.345,9.43
2021-05-03,6.2325,6.6325,7.605,6.395,6.58,9.295,9.425
2021-05-04,6.225,6.6625,7.6325,6.38,6.6375,9.3975,9.51
2021-05-05,6.275,6.6425,7.655,6.445,6.815,9.405,9.51
2021-05-06,6.33,6.6675,7.68,6.51,7.0375,9.49,9.585
2021-05-07,6.425,6.7275,7.625,6.575,6.94,9.46,9.58
2021-05-10,6.415,6.6975,7.5775,6.5675,6.98,9.565,9.645
2021-05-11,6.52,6.7475,7.655,6.675,7.25,9.7825,9.855
2021-05-12,6.59,6.8075,7.785,6.715,7.105,9.88,9.935
2021-05-13,6.55,6.7825,7.8375,6.725,7.015,9.855,9.91
2021-05-14,6.43,6.6625,7.755,6.605,6.8775,9.6525,9.765
2021-05-17,6.405,6.6725,7.72,6.5225,6.835,9.625,9.69
2021-05-18,6.515,6.6725,7.685,6.595,6.9,9.6225,9.705
2021-05-19,6.58,6.7525,7.7575,6.665,6.94,9.765,9.8775
2021-05-20,6.53,6.7125,7.7625,6.63,6.865,9.6625,9.7925
2021-05-21,6.465,6.6325,7.7475,6.5775,6.825,9.5925,9.71
2021-05-24,6.435,6.6375,7.735,6.5125,6.755,9.565,9.675
2021-05-25,6.48,6.6225,7.715,6.555,6.8,9.56,9.63
2021-05-26,6.44,6.6325,7.68,6.505,6.85,9.56,9.69
2021-05-27,6.435,6.6475,7.6725,6.51,6.905,9.4375,9.515
2021-05-28,6.395,6.6275,7.635,6.465,6.86,9.475,9.58
2021-05-31,6.405,6.61,7.63,6.48,6.89,9.455,9.52
2021-06-01,6.375,6.62,7.57,6.435,6.865,9.41,9.48
2021-06-02,6.39,6.615,7.585,6.465,6.92,9.3925,9.45
2021-06-03,6.39,6.595,7.585,6.47,6.98,9.3975,9.495
2021-06-04,6.355,6.5425,7.4675,6.4375,6.85,9.28,9.415
2021-06-07,6.26,6.48,7.38,6.365,6.71,9.1575,9.225
2021-06-08,6.17,6.415,7.2275,6.2825,6.72,9.0,9.125
2021-06-09,6.1675,6.43,7.2225,6.28,6.685,9.0,9.12
2021-06-10,6.055,6.345,7.17,6.215,6.605,8.975,9.105
2021-06-11,6.035,6.225,7.0875,6.215,6.555,8.86,8.97
2021-06-14,6.03,6.2425,7.105,6.185,6.505,8.855,8.9825
2021-06-15,6.05,6.2625,7.145,6.21,6.525,8.895,9.0125
2021-06-16,6.1125,6.265,7.1525,6.2475,6.605,8.9975,9.135
2021-06-17,6.15,6.36,7.245,6.315,6.8,9.1175,9.2075
2021-06-18,6.11,6.33,7.295,6.325,6.935,9.22,9.325
2021-06-21,6.11,6.3225,7.275,6.35,6.845,9.2375,9.3475
2021-06-22,6.1,6.2675,7.24,6.345,6.695,9.1475,9.2825
2021-06-23,6.05,6.32,7.18,6.3175,6.585,9.08,9.2125
2021-06-24,6.015,6.2675,7.075,6.3025,6.495,8.975,9.0925
2021-06-25,5.96,6.1825,6.985,6.2125,6.36,8.8175,9.0125
2021-06-28,5.95,6.2,7.0275,6.21,6.37,8.785,8.9525
2021-06-29,6.065,6.275,7.06,6.33,6.49,9.0,9.1475
2021-06-30,6.09,6.2825,7.0925,6.3475,6.525,9.0425,9.1725
2021-07-01,6.085,6.285,7.145,6.355,6.615,9.1925,9.3225
2021-07-02,5.925,6.1775,7.085,6.225,6.475,9.05,9.1925
2021-07-05,5.905,6.185,7.03,6.2,6.445,8.9975,9.14
2021-07-06,5.92,6.2325,7.055,6.2425,6.575,9.0975,9.275
2021-07-07,5.95,6.2825,7.05,6.245,6.695,9.1825,9.365
2021-07-08,6.01,6.375,7.105,6.345,6.805,9.3225,9.5125
2021-07-09,5.92,6.2475,7.015,6.27,6.67,9.1825,9.3475
2021-07-12,5.92,6.195,6.9675,6.305,6.73,9.15,9.3175
2021-07-13,5.96,6.1325,6.975,6.295,6.765,9.155,9.3025
2021-07-14,5.98,6.15,6.98,6.265,6.71,9.1425,9.295
2021-07-15,5.975,6.1775,7.0375,6.285,6.895,9.235,9.4475
2021-07-16,5.925,6.175,7.0775,6.24,6.88,9.2575,9.4525
2021-07-19,6.06,6.2975,7.305,6.37,7.16,9.4525,9.65
2021-07-20,5.975,6.3,7.3475,6.29,7.06,9.455,9.6325
2021-07-21,5.93,6.205,7.225,6.225,6.88,9.28,9.51
2021-07-22,5.935,6.2075,7.235,6.215,6.88,9.27,9.485
2021-07-23,5.905,6.1775,7.205,6.19,6.81,9.2,9.365
2021-07-26,5.865,6.18,7.1875,6.17,6.78,9.19,9.38
2021-07-27,5.935,6.2575,7.2225,6.17,6.935,9.3375,9.5275
2021-07-28,5.93,6.2225,7.2125,6.1625,6.87,9.335,9.5475
2021-07-29,5.925,6.2225,7.175,6.145,6.815,9.2775,9.485
2021-07-30,5.915,6.1625,7.17,6.165,6.775,9.28,9.5
2021-08-02,5.9,6.1725,7.175,6.17,6.795,9.265,9.51
2021-08-03,5.91,6.2175,7.155,6.17,6.86,9.24,9.435
2021-08-04,5.935,6.1975,7.155,6.17,6.82,9.2075,9.415
2021-08-05,5.915,6.1625,7.115,6.1625,6.81,9.1625,9.4
2021-08-06,5.91,6.1675,7.095,6.185,6.74,9.1575,9.41
2021-08-09,5.91,6.1675,7.08,6.235,6.705,9.175,9.42
2021-08-10,5.92,6.1625,7.075,6.28,6.7,9.2025,9.41
2021-08-11,5.89,6.14,7.075,6.2525,6.505,9.0675,9.2775
2021-08-12,5.81,6.0925,7.045,6.19,6.475,9.035,9.28
2021-08-13,5.8,6.0825,6.955,6.1875,6.485,8.98,9.2425
2021-08-16,5.8,6.1325,6.99,6.26,6.545,9.025,9.24
2021-08-17,5.89,6.1425,7.085,6.3475,6.725,9.13,9.39
2021-08-18,5.8825,6.1225,7.11,6.31,6.775,9.2225,9.4825
2021-08-19,5.915,6.23,7.175,6.41,7.075,9.465,9.7225
2021-08-20,5.8625,6.1875,7.175,6.3675,7.015,9.59,9.8625
2021-08-23,5.825,6.1575,7.145,6.3725,6.875,9.4125,9.71
2021-08-24,5.79,6.125,7.1575,6.325,6.75,9.2925,9.615
2021-08-25,5.765,6.1225,7.13,6.2975,6.75,9.235,9.56
2021-08-26,5.7825,6.1325,7.1375,6.335,6.85,9.2275,9.51
2021-08-27,5.7675,6.1175,7.1075,6.35,6.79,9.14,9.46
2021-08-30,5.7425,6.1225,7.0875,6.3475,6.81,9.1125,9.42
2021-08-31,5.755,6.1325,7.15,6.3775,6.8,9.12,9.44
2021-09-01,5.7275,6.1325,7.1175,6.37,6.785,9.1325,9.47
2021-09-02,5.6025,6.0775,7.0725,6.3025,6.765,9.0925,9.435
2021-09-03,5.55,6.0775,7.0325,6.2275,6.69,9.065,9.41
2021-09-06,5.4675,6.1025,7.0125,6.12,6.7,9.085,9.44
2021-09-07,5.485,6.1025,7.0225,6.0725,6.85,9.135,9.525
2021-09-08,5.5575,6.1175,7.045,6.1325,6.975,9.275,9.655
2021-09-09,5.5375,6.0875,7.05,6.1125,6.925,9.2325,9.585
2021-09-10,5.4925,6.0225,7.0075,6.0825,6.94,9.23,9.61
2021-09-13,5.505,6.0175,7.0175,6.085,6.94,9.195,9.55
2021-09-14,5.485,6.0025,7.0075,6.05,6.935,9.2275,9.53
2021-09-15,5.495,6.0225,7.0075,6.07,6.855,9.2125,9.555
2021-09-16,5.54,6.0225,7.0725,6.135,6.845,9.235,9.565
2021-09-17,5.545,6.0275,7.0775,6.13,6.835,9.27,9.535
2021-09-20,5.6075,6.29,7.26,6.2175,7.06,9.545,9.8675
2021-09-21,5.585,6.3025,7.25,6.225,6.99,9.5175,9.775
2021-09-22,5.565,6.215,7.285,6.2375,6.925,9.525,9.79
2021-09-23,5.485,6.2025,7.1675,6.1275,6.7,9.31,9.585
2021-09-24,5.4575,6.1925,7.2175,6.13,6.77,9.395,9.65
2021-09-27,5.435,6.205,7.24,6.1275,6.68,9.335,9.595
2021-09-28,5.46,6.2775,7.45,6.16,6.81,9.425,9.6825
2021-09-29,5.585,6.325,7.625,6.2575,6.855,9.52,9.795
2021-09-30,5.5425,6.3125,7.5675,6.2825,6.8,9.455,9.73
2021-10-01,5.485,6.325,7.565,6.2375,6.8,9.405,9.715
2021-10-04,5.5375,6.325,7.7175,6.2575,6.795,9.38,9.68
2021-10-05,5.535,6.3325,7.9225,6.26,6.77,9.3825,9.645
2021-10-06,5.7375,6.3675,8.0425,6.365,6.81,9.525,9.82
2021-10-07,5.625,6.2775,7.9275,6.295,6.72,9.3675,9.65
2021-10-08,5.6175,6.33,7.88,6.2675,6.7,9.3225,9.6
2021-10-11,5.665,6.62,7.87,6.2975,6.725,9.305,9.605
2021-10-12,5.735,6.775,7.9875,6.375,6.75,9.355,9.63
2021-10-13,5.7075,6.6725,8.01,6.35,6.705,9.39,9.6425
2021-10-14,5.6875,6.6275,8.02,6.38,6.7,9.35,9.63
2021-10-15,5.6925,6.7875,8.065,6.39,6.715,9.27,9.56
2021-10-18,5.7025,6.77,8.07,6.405,6.715,9.255,9.56
2021-10-19,5.705,6.7275,8.035,6.4,6.68,9.2575,9.555
2021-10-20,5.61,6.7825,7.9275,6.3,6.645,9.255,9.535
2021-10-21,5.6075,6.7875,7.8825,6.2825,6.725,9.31,9.61
2021-10-22,5.5675,6.7825,7.88,6.2425,6.75,9.33,9.65
2021-10-25,5.6325,6.7275,7.9025,6.27,6.73,9.355,9.66
2021-10-26,5.6,6.6475,7.885,6.26,6.72,9.315,9.65
2021-10-27,5.6125,6.54,7.87,6.2525,6.705,9.27,9.605
2021-10-28,5.6475,6.6925,7.88,6.25,6.75,9.4575,9.74
2021-10-29,5.8175,6.79,7.98,6.41,6.86,9.57,9.86
2021-11-01,5.8125,6.8025,8.0,6.44,6.81,9.535,9.82
2021-11-02,5.8275,6.8225,7.99,6.455,6.79,9.515,9.7975
2021-11-03,5.7425,6.75,8.0,6.405,6.69,9.425,9.715
2021-11-04,5.7175,6.6875,8.0325,6.4,6.635,9.325,9.615
2021-11-05,5.6925,6.6625,8.08,6.3625,6.6,9.2925,9.605
2021-11-08,5.6975,6.625,8.105,6.3525,6.59,9.25,9.55
2021-11-09,5.7225,6.6475,8.28,6.415,6.6,9.2625,9.575
2021-11-10,5.86,6.755,8.455,6.5225,6.675,9.33,9.61
2021-11-11,5.9175,6.825,8.6425,6.545,6.81,9.4,9.6475
2021-11-12,5.925,6.8275,8.5925,6.525,6.685,9.3925,9.6925
2021-11-15,6.0,6.8125,8.595,6.5825,6.685,9.3775,9.6775
2021-11-16,6.24,7.0725,8.645,6.8325,6.82,9.485,9.7525
2021-11-17,6.075,7.1325,8.475,6.7125,6.97,9.595,9.8775
2021-11-18,6.04,7.17,8.35,6.69,6.96,9.6725,9.985
2021-11-19,6.165,7.305,8.35,6.7825,6.975,9.8575,10.1425
2021-11-22,6.225,7.27,8.3525,6.795,7.085,9.83,10.14
2021-11-23,6.27,7.3,8.345,6.8025,7.085,9.82,10.14
2021-11-24,6.2975,7.305,8.315,6.8275,7.11,9.78,10.1
2021-11-25,6.15,7.255,8.235,6.725,7.055,9.78,10.0975
2021-11-26,6.36,7.89,8.3575,6.965,7.445,10.19,10.5
2021-11-29,6.23,7.53,8.31,6.8825,7.16,10.0525,10.345
2021-11-30,6.345,7.56,8.3225,6.95,7.16,10.14,10.43
2021-12-01,6.285,7.435,8.3175,6.89,7.15,10.1275,10.41
2021-12-02,6.16,7.4175,8.2825,6.78,7.17,10.205,10.52
2021-12-03,6.145,7.3625,8.235,6.76,7.125,10.385,10.685
2021-12-06,6.135,7.2775,8.275,6.7525,6.99,10.375,10.66
2021-12-07,6.2075,7.2375,8.315,6.8,6.88,10.155,10.48
2021-12-08,6.235,7.165,8.565,6.8125,6.805,9.985,10.275
2021-12-09,6.265,7.19,8.5875,6.835,6.885,10.01,10.275
2021-12-10,6.285,7.02,8.485,6.835,6.9,9.965,10.215
2021-12-13,6.265,6.94,8.455,6.8275,6.975,9.945,10.22
2021-12-14,6.28,6.9325,8.42,6.855,7.035,9.965,10.23
2021-12-15,6.315,6.94,8.335,6.845,7.02,9.89,10.175
2021-12-16,5.965,6.7,8.135,6.5975,6.74,9.705,9.99
2021-12-17,5.98,6.785,8.115,6.5575,6.83,9.76,10.035
2021-12-20,6.015,6.81,8.1525,6.585,6.985,9.85,10.0975
2021-12-21,5.99,6.725,8.145,6.5675,6.99,9.76,10.025
2021-12-22,5.97,6.71,8.0975,6.5425,6.9,9.68,9.955
2021-12-23,5.955,6.6475,8.01,6.5125,6.91,9.61,9.875
2021-12-24,5.94,6.6375,8.0,6.4925,6.875,9.51,9.855
2021-12-27,5.94,6.635,8.005,6.5025,6.87,9.5825,9.885
2021-12-28,5.91,6.645,7.91,6.5,6.87,9.535,9.8375
2021-12-29,5.9175,6.6075,7.83,6.5,6.84,9.55,9.81
2021-12-30,5.82,6.57,7.705,6.3975,6.795,9.415,9.705
2021-12-31,5.575,6.525,7.66,6.1675,6.725,9.36,9.655
2022-01-03,5.7225,6.56,7.665,6.26,6.775,9.405,9.6
2022-01-04,5.7125,6.655,7.5625,6.265,6.775,9.22,9.4925
2022-01-05,5.6925,6.555,7.195,6.2375,6.675,9.12,9.34
2022-01-06,5.8,6.6775,7.215,6.385,6.71,9.335,9.555
2022-01-07,5.775,6.6975,7.1325,6.395,6.615,9.255,9.465
2022-01-10,5.7925,6.775,7.2,6.445,6.72,9.295,9.4775
2022-01-11,5.8025,6.735,7.21,6.465,6.71,9.14,9.3675
2022-01-12,5.75,6.7625,7.18,6.45,6.695,9.145,9.35
2022-01-13,5.715,6.7475,7.14,6.435,6.745,9.12,9.3225
2022-01-14,5.77,6.845,7.2,6.48,6.8,9.2025,9.3925
2022-01-17,5.82,6.755,7.215,6.545,6.785,9.21,9.36
2022-01-18,5.98,6.79,7.31,6.675,6.82,9.29,9.3825
2022-01-19,5.935,6.715,7.24,6.66,6.8,9.265,9.4225
2022-01-20,5.935,6.725,7.245,6.6325,6.805,9.32,9.455
2022-01-21,5.97,6.765,7.31,6.6875,6.89,9.505,9.67
2022-01-24,6.14,6.825,7.535,6.7725,7.1,10.015,10.16
2022-01-25,6.125,6.77,7.4925,6.78,7.085,9.905,10.065
2022-01-26,6.065,6.655,7.39,6.7325,6.985,9.77,9.89
2022-01-27,6.16,6.765,7.48,6.84,7.09,10.0,10.1
2022-01-28,6.215,6.775,7.455,6.91,7.155,10.245,10.355
2022-01-31,6.13,6.805,7.425,6.88,7.13,10.115,10.235
2022-02-01,6.155,6.82,7.405,6.9,7.22,9.975,10.105
2022-02-02,6.185,6.875,7.375,6.855,7.195,9.94,10.025
2022-02-03,6.415,6.91,7.33,6.9725,7.175,10.03,10.105
2022-02-04,6.485,6.86,7.345,6.935,7.25,10.035,10.135
2022-02-07,6.6,6.855,7.365,6.91,7.225,10.02,10.075
2022-02-08,6.525,6.875,7.325,6.8375,7.205,10.035,10.08
2022-02-09,6.515,6.88,7.29,6.8075,7.18,9.92,10.01
2022-02-10,6.625,6.985,7.29,6.8725,7.27,10.0725,10.15
2022-02-11,6.91,7.445,7.4775,7.015,7.645,10.475,10.57
2022-02-14,7.035,7.395,7.545,7.1025,7.655,10.635,10.725
2022-02-15,6.75,7.255,7.425,6.865,7.44,10.3925,10.49
2022-02-16,6.735,7.185,7.39,6.83,7.43,10.275,10.305
2022-02-17,6.865,7.305,7.41,6.86,7.5,10.395,10.38
2022-02-18,6.92,7.295,7.45,6.9025,7.535,10.38,10.375
2022-02-21,7.025,7.325,7.48,6.93,7.545,10.41,10.4
2022-02-22,6.915,7.175,7.51,6.8475,7.465,10.32,10.365
2022-02-23,6.88,7.04,7.425,6.7575,7.4,10.25,10.28
2022-02-24,7.07,7.145,7.67,6.9,7.555,10.5725,10.54
2022-02-25,6.875,6.985,7.47,6.7,7.34,10.27,10.3
2022-02-28,7.305,7.13,7.63,6.9025,7.435,10.435,10.475
2022-03-01,8.125,7.36,8.11,7.28,7.77,10.695,10.7275
2022-03-02,7.83,7.33,8.23,7.0325,7.66,10.625,10.6675
2022-03-03,7.73,7.325,8.215,6.9425,7.72,10.595,10.605
2022-03-04,8.225,7.72,8.805,7.1525,8.07,10.755,10.7775
2022-03-07,8.67,7.885,9.19,7.4625,8.36,10.845,10.8725
2022-03-08,8.24,7.79,9.025,7.39,8.4,10.945,10.965
2022-03-09,7.705,7.335,8.615,7.255,8.165,10.57,10.6525
2022-03-10,7.84,7.315,8.56,7.21,8.16,10.565,10.6
2022-03-11,8.035,7.415,8.82,7.31,8.19,10.59,10.625
2022-03-14,7.91,7.67,8.9,7.27,8.285,10.94,10.92
2022-03-15,7.845,7.655,8.825,7.24,8.33,11.09,11.115
2022-03-16,7.39,7.41,8.53,7.09,8.04,10.73,10.765
2022-03-17,7.13,7.15,8.235,6.96,7.825,10.6975,10.67
2022-03-18,7.34,7.375,8.39,6.93,7.845,10.7275,10.705
2022-03-21,7.27,7.34,8.245,6.935,7.69,10.6675,10.66
2022-03-22,7.295,7.6,8.23,6.9975,7.645,10.67,10.64
2022-03-23,7.285,7.735,8.12,7.0,7.68,10.7125,10.705
2022-03-24,7.295,8.32,8.11,7.01,7.675,10.785,10.775
2022-03-25,7.265,8.035,8.09,7.0025,7.56,10.8125,10.785
2022-03-28,7.36,8.535,8.25,7.2575,7.635,10.98,10.955
2022-03-29,7.095,8.295,8.28,7.15,7.605,10.92,10.895
2022-03-30,6.995,8.215,8.225,7.085,7.505,10.83,10.795
2022-03-31,7.095,8.225,8.27,7.135,7.42,10.815,10.77
2022-04-01,7.12,8.31,8.255,7.1275,7.325,10.7575,10.725
2022-04-04,7.215,8.26,8.27,7.1725,7.155,10.48,10.475
2022-04-05,7.4575,8.225,8.285,7.305,7.215,10.56,10.53
2022-04-06,7.63,8.405,8.335,7.43,7.27,10.585,10.535
2022-04-07,7.465,8.33,8.31,7.3625,7.365,10.615,10.58
2022-04-08,7.37,8.38,8.25,7.2375,7.375,10.61,10.58
2022-04-11,7.31,8.735,8.25,7.2075,7.46,10.625,10.595
2022-04-12,7.19,8.76,8.165,7.16,7.42,10.7,10.68
2022-04-13,7.245,9.02,8.11,7.1525,7.34,10.675,10.645
2022-04-14,7.3,8.74,7.985,7.15,7.23,10.615,10.575
2022-04-15,7.34,8.895,7.985,7.17,7.2,10.5925,10.555
2022-04-18,7.345,8.935,8.005,7.175,7.175,10.645,10.605
2022-04-19,7.415,9.435,7.99,7.2825,7.24,10.705,10.695
2022-04-20,7.47,9.35,7.93,7.3975,7.17,10.715,10.68
2022-04-21,7.555,9.205,7.895,7.4525,7.295,10.71,10.68
2022-04-22,7.64,9.33,8.27,7.5175,7.5,10.96,10.915
2022-04-25,7.695,9.4025,8.535,7.5625,7.68,11.17,11.16
2022-04-26,7.975,9.415,8.83,7.75,7.845,11.1825,11.15
2022-04-27,8.3375,9.31,9.02,8.14,7.91,11.3825,11.38
2022-04-28,8.655,10.43,9.4625,8.38,8.07,11.875,11.83
2022-04-29,8.35,10.125,9.135,8.1675,7.98,11.81,11.81
2022-05-02,8.535,10.28,9.2925,8.225,8.345,12.2,12.185
2022-05-03,8.5575,10.47,9.3075,8.3025,8.35,12.175,12.225
2022-05-04,8.4,10.11,9.195,8.235,7.975,11.815,11.81
2022-05-05,8.715,10.405,9.555,8.59,8.35,12.2425,12.19
2022-05-06,8.765,10.355,9.96,8.645,8.47,12.49,12.485
2022-05-09,8.95,10.545,10.1325,8.855,9.02,13.355,13.35
2022-05-10,8.65,10.245,10.03,8.6075,9.025,13.375,13.325
2022-05-11,8.485,10.08,9.9075,8.49,8.7,12.92,12.8775
2022-05-12,9.1525,10.41,10.265,9.01,8.915,13.52,13.5075
2022-05-13,8.93,10.12,10.1,8.8425,8.525,13.0725,13.06
2022-05-16,8.705,10.035,9.9375,8.705,8.325,13.0,12.995
2022-05-17,8.415,9.7,9.75,8.525,8.17,12.535,12.545
2022-05-18,8.595,9.73,9.955,8.69,8.31,12.795,12.765
2022-05-19,8.4475,9.925,9.9325,8.8075,8.22,12.69,12.635
2022-05-20,8.2025,9.595,9.7225,8.565,8.175,12.59,12.535
2022-05-23,8.1475,9.41,9.645,8.405,8.08,12.3875,12.4
2022-05-24,8.175,9.375,9.6925,8.3875,8.115,12.3075,12.27
2022-05-25,8.2,9.09,9.71,8.395,7.95,12.255,12.23
2022-05-26,8.11,9.125,9.535,8.385,7.75,12.04,12.005
2022-05-27,7.9125,8.765,9.205,8.185,7.49,11.605,11.575
2022-05-30,7.6875,8.585,9.06,8.025,7.33,11.3,11.265
2022-05-31,7.75,8.655,9.07,7.97,7.25,11.295,11.195
2022-06-01,7.8425,9.04,9.03,8.02,7.26,11.47,11.385
2022-06-02,7.78,9.015,8.995,8.01,7.09,11.4275,11.345
2022-06-03,7.73,9.055,9.03,7.965,7.12,11.34,11.26
2022-06-06,7.775,9.705,8.9975,7.9975,7.105,11.485,11.375
2022-06-07,7.8525,9.82,9.12,8.1125,7.315,11.565,11.51
2022-06-08,7.885,10.42,9.195,8.305,7.42,11.645,11.575
2022-06-09,7.87,10.475,9.19,8.305,7.56,11.78,11.805
2022-06-10,8.2975,10.365,9.495,8.545,7.72,11.955,11.885
2022-06-13,8.9825,11.105,10.42,9.195,8.625,13.035,12.855
2022-06-14,9.095,11.135,10.915,9.2625,8.835,13.1575,13.105
2022-06-15,8.9575,11.09,10.68,9.07,8.605,12.76,12.7375
2022-06-16,9.0925,11.595,10.81,9.35,8.66,12.87,12.69
2022-06-17,9.0375,10.825,10.815,9.285,8.725,12.845,12.855
2022-06-20,8.92,10.66,10.72,9.175,8.645,12.705,12.635
2022-06-21,8.5575,10.985,10.44,8.93,8.495,12.4875,12.465
2022-06-22,8.555,11.2,10.505,8.8425,8.49,12.77,12.655
2022-06-23,8.5325,11.285,10.47,8.83,8.435,12.73,12.625
2022-06-24,8.355,11.0125,10.27,8.685,8.235,12.58,12.415
2022-06-27,8.2175,10.75,10.1,8.53,7.965,12.265,12.215
2022-06-28,8.305,10.7,10.12,8.595,7.84,12.2125,12.105
2022-06-29,8.5775,11.275,10.3,8.8225,7.95,12.36,12.235
2022-06-30,8.8125,11.335,10.505,8.98,7.99,12.355,12.285
2022-07-01,9.145,11.47,10.77,9.1425,8.125,12.73,12.615
2022-07-04,9.0225,11.19,10.645,9.0025,8.105,12.535,12.515
2022-07-05,9.815,11.255,10.965,9.38,8.455,12.71,12.665
2022-07-06,10.07,11.09,11.035,9.28,8.48,12.6275,12.58
2022-07-07,9.875,10.81,10.87,9.055,8.31,12.39,12.39
2022-07-08,9.8425,10.66,10.81,9.025,8.28,12.35,12.29
2022-07-11,10.23,11.065,10.97,9.15,8.535,12.7025,12.59
2022-07-12,10.1325,11.075,10.9975,9.1375,8.61,12.855,12.82
2022-07-13,10.05,10.96,10.9,9.1375,8.515,12.81,12.725
2022-07-14,10.6275,11.655,11.2425,9.46,8.985,12.985,12.94
2022-07-15,10.355,11.365,11.295,9.38,8.765,12.935,12.88
2022-07-18,10.27,11.2325,11.3,9.3,8.72,12.8325,12.765
2022-07-19,10.09,11.145,11.31,9.28,8.585,12.685,12.64
2022-07-20,10.015,10.875,11.115,9.21,8.455,12.57,12.51
2022-07-21,10.0,10.765,11.1175,9.1325,8.34,12.51,12.45
2022-07-22,9.95,10.7125,11.0,9.095,8.24,12.375,12.345
2022-07-25,9.85,10.455,10.905,9.055,8.11,12.2975,12.255
2022-07-26,10.0275,10.285,10.875,9.0025,8.195,12.36,12.275
2022-07-27,9.85,10.26,10.755,8.9075,8.11,12.245,12.2
2022-07-28,9.86,10.36,10.58,8.95,8.04,12.19,12.085
2022-07-29,9.7,9.975,10.475,8.8475,7.955,12.19,12.045
2022-08-01,9.4225,9.845,10.305,8.7,7.895,12.02,11.88
2022-08-02,9.5175,9.69,10.41,8.765,7.93,12.1,11.935
2022-08-03,9.785,9.94,10.49,8.9675,7.94,12.125,11.98
2022-08-04,9.555,9.855,10.41,8.885,7.92,12.005,11.895
2022-08-05,9.35,9.915,10.33,8.7725,8.045,11.805,11.675
2022-08-08,9.2325,9.91,10.285,8.79,7.74,11.515,11.4
2022-08-09,9.0175,9.77,10.15,8.65,7.68,11.5325,11.375
2022-08-10,8.56,9.655,9.74,8.25,7.485,11.09,10.945
2022-08-11,8.5,9.5,9.445,8.2025,7.39,10.89,10.69
2022-08-12,8.5775,9.42,9.45,8.235,7.365,10.95,10.805
2022-08-15,9.1375,9.455,9.79,8.62,7.625,11.515,11.305
2022-08-16,9.195,9.525,9.895,8.675,7.585,11.5325,11.42
2022-08-17,9.3525,9.83,10.055,8.765,7.785,11.89,11.78
2022-08-18,9.63,9.995,10.185,8.86,7.84,11.9,11.7775
2022-08-19,10.045,10.555,10.6025,8.98,8.065,12.17,12.055
2022-08-22,10.185,10.71,10.995,9.195,8.175,12.2175,12.17
2022-08-23,10.0075,10.59,10.855,9.1325,8.105,12.125,12.07
2022-08-24,10.085,10.62,10.895,9.1475,8.04,12.0375,12.0
2022-08-25,9.9,10.52,10.795,9.0575,7.895,11.865,11.86
2022-08-26,9.665,10.29,10.78,8.885,7.865,11.88,11.785
2022-08-29,9.85,10.515,10.86,9.0125,7.9,12.045,12.03
2022-08-30,9.81,10.505,10.995,9.0475,7.965,12.14,12.075
2022-08-31,9.7675,10.46,11.33,9.0625,8.0,12.13,12.1025
2022-09-01,9.9825,11.005,11.57,9.2725,8.22,12.32,12.3
2022-09-02,9.99,10.845,11.55,9.255,8.165,12.1925,12.195
2022-09-05,10.155,10.81,11.63,9.2625,8.185,12.1425,12.14
2022-09-06,10.19,11.495,11.6,9.265,8.16,12.265,12.25
2022-09-07,10.1875,11.755,11.715,9.325,8.145,12.295,12.345
2022-09-08,9.8825,11.315,11.59,9.1725,7.99,12.165,12.2525
2022-09-09,9.6275,10.84,11.29,9.1225,7.815,12.005,12.12
2022-09-12,9.3725,10.81,10.97,8.975,7.675,11.96,11.97
2022-09-13,9.53,10.985,10.855,9.055,7.945,12.39,12.4
2022-09-14,9.545,11.125,10.725,9.075,8.0,12.4375,12.395
2022-09-15,9.73,10.9925,10.78,9.1375,8.185,12.465,12.465
2022-09-16,9.845,10.925,11.03,9.145,8.315,12.645,12.6
2022-09-19,9.81,10.9425,11.035,9.125,8.32,12.63,12.585
2022-09-20,9.835,10.9625,11.115,9.105,8.335,12.66,12.705
2022-09-21,9.935,11.1575,11.29,9.165,8.435,12.7325,12.7725
2022-09-22,9.92,10.8025,11.375,9.095,8.455,12.635,12.715
2022-09-23,10.645,11.24,13.8,9.355,9.115,12.99,13.03
2022-09-26,10.9425,11.8325,14.64,9.6225,9.625,13.525,13.505
2022-09-27,10.99,11.795,14.35,9.6025,9.44,13.345,13.4
2022-09-28,11.195,11.9,15.255,9.93,9.35,13.7825,13.91
2022-09-29,11.2125,11.76,15.15,9.8725,9.425,13.935,14.1
2022-09-30,11.32,11.5,15.37,9.8825,9.62,14.1,14.19
2022-10-03,11.015,11.365,14.73,9.7625,9.24,13.85,14.195
2022-10-04,10.5675,11.0125,14.15,9.4325,8.905,13.4425,13.635
2022-10-05,11.0325,11.09,14.61,9.75,9.24,13.655,13.76
2022-10-06,11.04,11.2,15.04,9.855,9.75,13.7775,13.91
2022-10-07,11.07,11.2875,15.205,10.005,9.805,14.01,14.2575
2022-10-10,11.24,11.385,15.315,10.2275,10.06,14.215,14.455
2022-10-11,11.245,11.4725,15.595,10.2325,10.1,14.5625,14.7525
2022-10-12,11.2775,11.9175,15.59,10.2525,10.25,14.6475,14.89
2022-10-13,11.1775,11.86,14.855,10.1925,10.115,14.645,14.8825
2022-10-14,11.09,12.11,14.815,10.0775,10.2,14.905,15.175
2022-10-17,10.805,12.27,13.235,9.9025,9.99,14.76,14.95
2022-10-18,10.5775,12.3675,13.3,9.775,9.905,14.3875,14.575
2022-10-19,10.82,12.56,13.605,9.895,10.005,14.4725,14.69
2022-10-20,10.825,12.665,13.54,9.9775,9.875,14.4875,14.64
2022-10-21,10.825,12.885,13.84,9.9675,9.805,14.525,14.69
2022-10-24,10.73,12.305,13.4925,9.9475,9.8,14.545,14.69
2022-10-25,10.395,11.8,12.6625,9.625,9.565,14.2325,14.44
2022-10-26,10.065,11.57,12.3425,9.49,9.195,13.79,13.98
2022-10-27,10.145,11.4225,12.385,9.485,9.125,13.82,13.9625
2022-10-28,10.195,11.5,12.47,9.475,9.11,13.8675,14.025
2022-10-31,10.32,11.59,12.62,9.5325,9.085,13.8375,14.075
2022-11-01,10.38,11.515,12.615,9.555,8.98,13.795,13.985
2022-11-02,10.315,11.45,12.595,9.5,8.915,13.7625,13.945
2022-11-03,10.58,11.7,12.8975,9.8275,9.0,14.0575,14.19
2022-11-04,10.38,11.3875,12.7725,9.71,8.685,13.7025,13.865
2022-11-07,10.185,11.2775,12.6875,9.62,8.71,13.6675,13.825
2022-11-08,9.785,11.1675,12.51,9.36,8.5825,13.4625,13.61
2022-11-09,9.855,11.2325,12.735,9.3425,8.6425,13.6625,13.74
2022-11-10,9.3575,10.8275,12.2375,8.9075,8.355,13.175,13.2425
2022-11-11,9.15,10.36,11.615,8.8325,8.2525,12.77,12.855
2022-11-14,9.325,10.37,11.7475,8.9175,8.3125,12.735,12.85
2022-11-15,9.415,10.4625,11.3825,8.9,8.265,12.7425,12.7925
2022-11-16,9.265,10.44,11.4525,8.85,8.26,12.785,12.87
2022-11-17,9.485,10.4125,11.55,9.035,8.235,12.94,12.98
2022-11-18,9.3,10.3625,11.415,8.86,8.225,12.8025,12.845
2022-11-21,9.45,10.595,11.4925,8.915,8.265,12.9475,12.99
2022-11-22,9.45,10.5325,11.4325,8.915,8.17,13.04,13.0425
2022-11-23,9.2725,10.7175,11.21,8.82,8.085,12.95,13.015
2022-11-24,9.245,10.88,11.21,8.8,8.095,12.885,12.945
2022-11-25,9.21,10.855,11.13,8.725,8.1,12.83,12.8825
2022-11-28,9.205,11.025,11.1825,8.75,8.125,13.015,13.075
2022-11-29,9.315,11.02,11.2575,8.795,8.245,12.945,13.0375
2022-11-30,9.2325,10.9375,11.235,8.74,8.265,12.855,12.945
2022-12-01,9.0675,10.9525,11.075,8.6475,8.2,12.64,12.695
2022-12-02,8.87,10.875,11.065,8.58,8.155,12.59,12.66
2022-12-05,8.645,10.7425,10.88,8.3775,8.1125,12.645,12.665
2022-12-06,8.63,10.835,10.835,8.37,8.175,12.58,12.7125
2022-12-07,8.61,11.025,10.68,8.375,8.18,12.595,12.725
2022-12-08,8.525,10.835,10.4725,8.335,8.13,12.48,12.62
2022-12-09,8.4225,10.6825,10.375,8.22,8.06,12.365,12.475
2022-12-12,8.285,10.555,10.2225,8.175,7.95,12.265,12.335
2022-12-13,8.045,10.13,9.9875,8.025,7.6,11.8,11.9575
2022-12-14,7.71,9.82,9.57,7.665,7.355,11.4125,11.6025
2022-12-15,7.8,9.865,9.565,7.6425,7.4875,11.495,11.59
2022-12-16,7.895,9.895,9.8425,7.7575,7.565,11.65,11.74
2022-12-19,7.93,9.99,9.915,7.83,7.535,11.6675,11.77
2022-12-20,8.03,10.705,10.0775,7.9375,7.53,11.905,12.0725
2022-12-21,8.005,10.4725,10.155,7.8875,7.35,11.915,12.0575
2022-12-22,8.12,10.4975,10.1875,8.0625,7.485,11.915,12.0125
2022-12-23,8.175,10.4625,10.2575,8.06,7.5,11.9675,12.115
2022-12-26,8.2,10.56,10.2825,8.0975,7.52,12.0,12.1375
2022-12-27,8.205,10.53,10.31,8.085,7.535,12.0225,12.16
2022-12-28,8.2,10.52,10.32,8.1125,7.575,11.995,12.21
2022-12-29,8.205,10.5775,10.33,8.14,7.585,12.05,12.2225
2022-12-30,8.16,10.68,10.32,8.11,7.58,12.095,12.265
2023-01-02,8.1575,10.725,10.3475,8.135,7.59,12.13,12.3
2023-01-03,8.285,10.825,10.4875,8.225,7.695,12.295,12.495
2023-01-04,8.235,10.88,10.4475,8.2975,7.67,12.235,12.465
2023-01-05,8.41,10.96,10.61,8.48,7.7725,12.365,12.4725
2023-01-06,8.33,11.015,10.53,8.48,7.705,12.25,12.44
2023-01-09,8.27,10.935,10.4525,8.405,7.655,12.31,12.475
2023-01-10,8.225,10.85,10.395,8.395,7.66,12.3325,12.44
2023-01-11,8.175,11.0125,10.3925,8.46,7.57,12.255,12.345
2023-01-12,8.105,11.63,10.3075,8.48,7.51,12.21,12.2875
2023-01-13,7.935,11.585,10.145,8.335,7.43,12.105,12.235
2023-01-16,7.845,11.59,10.125,8.3025,7.395,12.115,12.25
2023-01-17,7.88,11.2625,10.0425,8.2525,7.36,12.0825,12.18
2023-01-18,7.75,11.0,9.82,8.0,7.36,12.055,12.0975
2023-01-19,7.755,10.94,9.8325,8.045,7.465,12.245,12.315
2023-01-20,7.75,10.845,9.7825,8.0375,7.43,12.0375,12.195
2023-01-23,7.7,10.865,9.705,8.0325,7.395,12.065,12.155
2023-01-24,7.66,10.94,9.715,8.0275,7.37,12.0,12.02
2023-01-25,7.7675,11.01,9.715,8.065,7.38,11.875,11.91
2023-01-26,7.795,11.125,9.7225,8.12,7.285,11.7575,11.825
2023-01-27,7.7825,11.03,9.72,8.1,7.24,11.705,11.78
2023-01-30,7.8,11.065,9.7725,8.13,7.28,11.76,11.79
2023-01-31,7.895,11.13,9.8025,8.1975,7.31,11.985,12.0
2023-02-01,7.74,10.995,9.71,8.1025,7.23,11.9825,11.88
2023-02-02,7.65,10.82,9.63,7.9825,7.145,11.545,11.595
2023-02-03,7.825,10.725,9.78,8.075,7.22,11.535,11.72
2023-02-06,8.0975,10.765,9.97,8.375,7.345,11.8825,11.99
2023-02-07,8.0725,10.81,10.0025,8.3175,7.325,11.825,11.965
2023-02-08,7.89,10.8,9.855,8.2025,7.235,11.705,11.74
2023-02-09,7.91,10.8,9.825,8.155,7.22,11.65,11.7075
2023-02-10,8.0,10.915,9.91,8.215,7.16,11.715,11.8
2023-02-13,8.0,10.9,9.975,8.21,7.24,11.765,11.92
2023-02-14,7.855,10.785,9.8525,8.1325,7.19,11.6675,11.765
2023-02-15,7.89,10.95,9.915,8.045,7.225,11.73,11.785
2023-02-16,7.8,10.84,9.8525,7.8925,7.26,11.68,11.73
2023-02-17,7.93,10.82,9.9075,8.0075,7.29,11.795,11.825
2023-02-20,7.855,10.805,9.8525,7.9525,7.255,11.78,11.795
2023-02-21,7.88,10.83,9.84,7.97,7.3,11.765,11.85
2023-02-22,7.94,10.805,9.87,8.01,7.285,11.845,11.845
2023-02-23,7.97,10.835,9.8425,8.05,7.265,11.89,11.9225
2023-02-24,8.025,10.72,9.8775,8.0975,7.33,11.885,11.945
2023-02-27,8.0075,10.6,9.8425,8.1025,7.29,11.975,12.035
2023-02-28,7.885,10.52,9.7,7.99,7.155,11.855,11.935
2023-03-01,7.8475,10.525,9.69,7.95,7.125,11.76,11.8525
2023-03-02,7.86,10.44,9.6975,8.0075,7.125,11.695,11.765
2023-03-03,7.83,10.47,9.69,7.9675,7.1,11.615,11.615
2023-03-06,7.745,10.5,9.6825,7.9075,7.0775,11.605,11.62
2023-03-07,7.8975,10.545,9.77,8.0125,7.17,11.555,11.72
2023-03-08,7.9075,10.585,9.8525,8.025,7.28,11.785,11.805
2023-03-09,7.885,10.71,9.875,8.0125,7.3,11.8275,11.805
2023-03-10,8.065,10.85,9.9475,8.32,7.51,12.145,12.12
2023-03-13,8.39,11.24,10.2325,8.6775,7.565,12.325,12.3175
2023-03-14,8.1525,10.985,10.005,8.5875,7.325,12.025,12.045
2023-03-15,8.755,11.17,10.39,8.83,7.5875,12.36,12.1625
2023-03-16,8.35,10.855,10.115,8.6375,7.4175,12.455,12.145
2023-03-17,8.41,11.015,9.9025,8.6175,7.4375,12.09,12.095
2023-03-20,8.515,11.205,10.02,8.6625,7.425,12.275,12.27
2023-03-21,8.385,11.125,9.9875,8.745,7.405,12.2225,12.2375
2023-03-22,8.2525,10.9,9.9475,8.6375,7.32,12.25,12.1
2023-03-23,8.195,10.92,9.8875,8.5625,7.4125,12.045,12.08
2023-03-24,8.385,11.14,10.0625,8.6375,7.4575,12.145,12.19
2023-03-27,8.33,10.905,10.0125,8.65,7.36,12.175,12.11
2023-03-28,8.28,10.805,9.985,8.595,7.31,12.015,12.02
2023-03-29,8.1475,10.76,9.915,8.525,7.3,11.96,12.03
2023-03-30,8.15,10.73,9.865,8.485,7.27,11.93,11.9
2023-03-31,7.97,10.655,9.745,8.3625,7.2125,11.8,11.8075
2023-04-03,7.85,10.505,9.6375,8.2,7.1675,11.81,11.795
2023-04-04,7.7975,10.455,9.6275,8.065,7.145,11.78,11.61
2023-04-05,7.95,10.575,9.6575,8.19,7.135,11.665,11.655
2023-04-06,7.8575,10.57,9.65,8.12,7.06,11.645,11.68
2023-04-07,7.825,10.52,9.61,8.09,7.02,11.6275,11.66
2023-04-10,7.855,10.5,9.625,8.105,7.0275,11.655,11.655
2023-04-11,7.755,10.385,9.505,8.025,6.99,11.57,11.59
2023-04-12,7.61,10.265,9.235,7.92,6.73,11.205,11.2475
2023-04-13,7.595,10.195,8.995,7.965,6.545,11.09,11.09
2023-04-14,7.62,10.23,8.985,7.985,6.645,11.235,11.305
2023-04-17,7.69,10.235,9.0,7.9975,6.6575,11.215,11.265
2023-04-18,7.555,10.305,8.935,7.9075,6.605,11.1925,11.275
2023-04-19,7.58,10.3,8.91,7.925,6.6,11.1775,11.2825
2023-04-20,7.54,10.25,8.855,7.92,6.605,11.13,11.24
2023-04-21,7.5,10.28,8.815,7.92,6.615,11.155,11.23
2023-04-24,7.395,10.305,8.68,7.9,6.615,11.17,11.235
2023-04-25,7.51,10.44,8.7475,7.9775,6.675,11.265,11.345
2023-04-26,7.64,10.485,8.6525,8.1,6.665,11.325,11.4
2023-04-27,7.6,10.285,8.58,8.0975,6.565,11.2525,11.33
2023-04-28,7.4625,10.0,8.415,7.9475,6.555,11.125,11.2
2023-05-01,7.45,10.005,8.415,7.95,6.615,11.1225,11.205
2023-05-02,7.4775,10.17,8.39,8.025,6.655,11.1275,11.22
2023-05-03,7.56,10.365,8.39,8.1,6.6325,11.1175,11.185
2023-05-04,7.605,10.625,8.35,8.1975,6.6225,11.07,11.14
2023-05-05,7.55,10.46,8.31,8.1725,6.54,10.94,11.015
2023-05-08,7.55,10.32,8.315,8.155,6.53,10.85,10.945
2023-05-09,7.535,10.155,8.24,8.15,6.595,10.855,10.915
2023-05-10,7.525,10.155,8.21,8.145,6.5925,10.665,10.745
2023-05-11,7.55,10.095,8.25,8.1125,6.65,10.62,10.675
2023-05-12,7.585,10.07,8.345,8.15,6.705,10.675,10.79
2023-05-15,7.5,10.075,8.325,8.07,6.6325,10.6425,10.725
2023-05-16,7.3275,9.93,8.265,7.96,6.625,10.56,10.645
2023-05-17,7.34,9.885,8.27,7.945,6.6325,10.545,10.625
2023-05-18,7.35,9.91,8.22,7.8975,6.6175,10.4525,10.565
2023-05-19,7.3,10.07,8.195,7.89,6.61,10.415,10.53
2023-05-22,7.305,10.06,8.185,7.875,6.6225,10.385,10.53
2023-05-23,7.255,10.075,8.165,7.8475,6.6325,10.4175,10.55
2023-05-24,7.395,10.12,8.49,7.88,6.6775,10.63,10.74
2023-05-25,7.395,10.235,8.605,7.885,6.745,10.6875,10.825
2023-05-26,7.365,10.255,8.72,7.855,6.655,10.63,10.78
2023-05-29,7.35,10.195,8.73,7.825,6.64,10.55,10.63
2023-05-30,7.2825,10.245,8.655,7.7425,6.625,10.5725,10.67
2023-05-31,7.35,10.24,8.715,7.7275,6.615,10.6825,10.805
2023-06-01,7.1675,10.125,8.61,7.515,6.59,10.625,10.685
2023-06-02,6.9675,9.925,8.36,7.345,6.5225,10.525,10.62
2023-06-05,6.9775,9.91,8.4,7.36,6.545,10.4725,10.525
2023-06-06,7.0,9.82,8.41,7.315,6.55,10.35,10.445
2023-06-07,6.94,9.64,8.355,7.255,6.4775,10.23,10.33
2023-06-08,6.8675,9.38,8.245,7.18,6.41,10.09,10.22
2023-06-09,6.8475,9.235,8.255,7.2325,6.34,9.9,9.975
2023-06-12,6.87,9.16,8.295,7.22,6.2925,9.855,9.935
2023-06-13,6.825,9.14,8.415,7.175,6.2575,9.72,9.79
2023-06-14,6.7925,9.13,8.44,7.19,6.2,9.6875,9.75
2023-06-15,6.84,9.245,8.55,7.19,6.1625,9.7025,9.755
2023-06-16,6.8,9.2,8.59,7.15,6.1625,9.6525,9.76
2023-06-19,6.79,9.305,8.635,7.18,6.15,9.73,9.795
2023-06-20,6.76,9.29,8.83,7.15,6.26,9.8775,9.995
2023-06-21,6.6425,9.255,8.985,7.0875,6.28,9.785,9.87
2023-06-22,6.5825,9.25,8.81,6.9975,6.225,9.785,9.845
2023-06-23,6.6825,9.41,8.795,6.9925,6.2775,9.9,9.965
2023-06-26,6.7475,9.51,8.795,7.0725,6.265,9.85,9.92
2023-06-27,6.7075,9.56,8.755,7.0725,6.2825,9.81,9.87
2023-06-28,6.735,9.72,8.79,7.095,6.2775,9.805,9.895
2023-06-29,6.775,9.835,8.8,7.1475,6.2775,9.89,9.975
2023-06-30,6.7825,9.855,8.78,7.185,6.25,9.925,10.0
2023-07-03,6.6825,9.63,8.645,7.1375,6.1825,9.8825,9.975
2023-07-04,6.6425,9.505,8.505,7.09,6.155,9.85,9.935
2023-07-05,6.6325,9.43,8.455,7.075,6.195,9.855,9.94
2023-07-06,6.7175,9.49,8.53,7.19,6.24,10.06,10.165
2023-07-07,6.615,9.58,8.445,7.1175,6.2225,10.0,10.145
2023-07-10,6.62,9.645,8.505,7.135,6.2175,10.03,10.145
2023-07-11,6.585,9.61,8.505,7.1025,6.23,10.07,10.17
2023-07-12,6.395,9.36,8.475,7.0125,6.19,9.975,10.03
2023-07-13,6.2625,9.295,8.3,7.0775,6.0775,9.81,9.92
2023-07-14,6.4,9.2525,8.26,7.09,6.1075,9.795,9.9
2023-07-17,6.375,9.24,8.3,7.165,6.0825,9.84,9.94
2023-07-18,6.3975,9.245,8.31,7.19,6.1,9.835,9.945
2023-07-19,6.45,9.305,8.29,7.25,6.1,9.95,10.055
2023-07-20,6.55,9.345,8.415,7.38,6.1025,10.0025,10.035
2023-07-21,6.5475,9.245,8.395,7.365,6.1325,10.065,10.105
2023-07-24,6.6125,9.225,8.435,7.41,6.1225,10.0775,10.135
2023-07-25,6.65,9.13,8.39,7.45,6.1675,10.0775,10.125
2023-07-26,6.65,9.2,8.29,7.475,6.1125,10.06,10.15
2023-07-27,6.7225,9.31,8.335,7.525,6.2025,10.105,10.205
2023-07-28,6.6975,8.855,8.305,7.495,6.115,10.11,10.22
2023-07-31,6.6625,8.88,8.27,7.47,6.085,10.0125,10.1025
2023-08-01,6.8,9.075,8.285,7.535,6.1775,10.12,10.195
